{"customers":[{"zip":0,"city":"Comp Test","street":"Comp Test","name":"Comp Test","state":"Comp Test","accounts":[{"entries":[{"date":"Fri Feb 04 09:52:06 CST 2022","amount":500.0,"type":"deposit"},{"date":"Fri Feb 04 09:52:06 CST 2022","amount":500.0,"type":"withdraw"},{"date":"Fri Feb 04 09:52:11 CST 2022","amount":500.0,"type":"deposit"}],"accountNum":"Comp Test","currentBalance":2500.0,"accType":"copper"}],"type":"company","email":"Comp Test"},{"zip":0,"city":"Per Test","street":"Per Test","name":"Per Test","state":"Per Test","accounts":[{"entries":[{"date":"Fri Feb 04 09:52:06 CST 2022","amount":500.0,"type":"deposit"},{"date":"Fri Feb 04 09:52:06 CST 2022","amount":500.0,"type":"withdraw"},{"date":"Fri Feb 04 09:52:16 CST 2022","amount":500.0,"type":"withdraw"}],"accountNum":"Per Test","currentBalance":1500.0,"accType":"copper"}],"type":"person","email":"Per Test"}]}