{"customers":[{"zip":0,"city":"Comp Test","street":"Comp Test","name":"Comp Test","state":"Comp Test","accounts":[{"entries":[{"date":"Fri Feb 04 09:58:50 CST 2022","amount":500.0,"type":"deposit"},{"date":"Fri Feb 04 09:58:50 CST 2022","amount":500.0,"type":"withdraw"},{"date":"Fri Feb 04 09:58:50 CST 2022","amount":500.0,"type":"deposit"},{"date":"Fri Feb 04 09:58:50 CST 2022","amount":400.0,"type":"deposit"},{"date":"Fri Feb 04 09:58:56 CST 2022","amount":500.0,"type":"deposit"}],"accountNum":"Comp Test","currentBalance":3400.0}],"type":"company","email":"Comp Test"},{"zip":0,"city":"Per Test","street":"Per Test","name":"Per Test","state":"Per Test","accounts":[{"entries":[{"date":"Fri Feb 04 09:58:50 CST 2022","amount":500.0,"type":"deposit"},{"date":"Fri Feb 04 09:58:50 CST 2022","amount":400.0,"type":"deposit"},{"date":"Fri Feb 04 09:58:50 CST 2022","amount":400.0,"type":"deposit"},{"date":"Fri Feb 04 09:59:01 CST 2022","amount":500.0,"type":"deposit"},{"date":"Fri Feb 04 09:59:06 CST 2022","amount":400.0,"type":"deposit"}],"accountNum":"Per Test","currentBalance":4200.0}],"type":"person","email":"Per Test"}]}